Reset my password,reset_password
When does the store open,store_hours
Where is my nearest store,store_location
Reset my password,reset_password
When does the store open,store_hours
Where is my nearest store,store_location
Reset my password,reset_password
When does the store open,store_hours
Where is my nearest store,store_location
Reset my password,reset_password
When does the store open,store_hours
Where is my nearest store,store_location
Reset my password,reset_password
When does the store open,store_hours
Where is my nearest store,store_location
